,round_epochs,val_loss,val_accuracy,loss,accuracy,activation,batch_size,dropout,epochs,first_neuron,hidden_layers,last_activation,losses,lr,optimizer,shapes,precision,recall,fbeta_score,support
11,10,0.7051582666649215,0.5977011322975159,0.6274950069318391,0.6484220623970032,<function relu at 0x7ff694a42730>,64,0.01,10,256,2,<function sigmoid at 0x7ff694a42840>,<function binary_crossentropy at 0x7ff694a6f1e0>,2.0,<class 'keras.optimizers.Adam'>,funnel,0.5977301387137453,0.9386138613861386,0.7303543913713404,
34,10,0.8079217483257425,0.5965517163276672,0.5680070125609931,0.6173570156097412,<function relu at 0x7ff694a42730>,64,0.1,10,256,2,<function sigmoid at 0x7ff694a42840>,<function binary_crossentropy at 0x7ff694a6f1e0>,1.0,<class 'keras.optimizers.Adam'>,funnel,0.5974683544303797,0.9346534653465347,0.728957528957529,
100,10,0.7531527198594192,0.5919540524482727,0.4799318221311362,0.7662721872329712,<function relu at 0x7ff694a42730>,256,0.01,10,128,2,<function sigmoid at 0x7ff694a42840>,<function binary_crossentropy at 0x7ff694a6f1e0>,1.0,<class 'keras.optimizers.Adam'>,funnel,0.614329268292683,0.7980198019801981,0.694229112833764,
17,25,1.3071021707578636,0.5850574970245361,0.41173321302590754,0.7672584056854248,<function relu at 0x7ff694a42730>,64,0.01,25,128,2,<function sigmoid at 0x7ff694a42840>,<function binary_crossentropy at 0x7ff694a6f1e0>,2.0,<class 'keras.optimizers.Adam'>,funnel,0.606508875739645,0.8118811881188119,0.6943268416596106,
141,25,0.6890036055411416,0.5827586054801941,0.6782793455575344,0.5749506950378418,<function relu at 0x7ff694a42730>,256,0.1,25,256,2,<function sigmoid at 0x7ff694a42840>,<function binary_crossentropy at 0x7ff694a6f1e0>,0.01,<class 'keras.optimizers.Adam'>,funnel,0.5853365384615384,0.9643564356435643,0.7284966342557966,
91,25,0.8223645017064851,0.5827586054801941,0.526308987267624,0.7687376737594604,<function relu at 0x7ff694a42730>,128,0.1,25,256,1,<function sigmoid at 0x7ff694a42840>,<function binary_crossentropy at 0x7ff694a6f1e0>,1.0,<class 'keras.optimizers.Adam'>,funnel,0.6191275167785235,0.7306930693069307,0.670299727520436,
33,10,0.6859568831564367,0.5804597735404968,0.6825685430560592,0.5739644765853882,<function relu at 0x7ff694a42730>,64,0.1,10,256,2,<function sigmoid at 0x7ff694a42840>,<function binary_crossentropy at 0x7ff694a6f1e0>,0.01,<class 'keras.optimizers.Adam'>,funnel,0.5804597701149425,1.0,0.7345454545454545,
54,10,0.6993318679688991,0.5804597735404968,0.6984816254713596,0.5739644765853882,<function relu at 0x7ff694a42730>,128,0.01,10,256,1,<function sigmoid at 0x7ff694a42840>,<function binary_crossentropy at 0x7ff694a6f1e0>,0.01,<class 'keras.optimizers.Adam'>,funnel,0.5804597701149425,1.0,0.7345454545454545,
102,10,0.6881999646110096,0.5804597735404968,0.6879636776988087,0.5739644765853882,<function relu at 0x7ff694a42730>,256,0.01,10,256,1,<function sigmoid at 0x7ff694a42840>,<function binary_crossentropy at 0x7ff694a6f1e0>,0.01,<class 'keras.optimizers.Adam'>,funnel,0.5804597701149425,1.0,0.7345454545454545,
29,10,0.6924574438182787,0.5804597735404968,0.6616608573369961,0.5729783177375793,<function relu at 0x7ff694a42730>,64,0.1,10,128,2,<function sigmoid at 0x7ff694a42840>,<function binary_crossentropy at 0x7ff694a6f1e0>,2.0,<class 'keras.optimizers.Adam'>,funnel,0.5804597701149425,1.0,0.7345454545454545,
66,25,0.6881016532580058,0.5804597735404968,0.6723191554729755,0.5739644765853882,<function relu at 0x7ff694a42730>,128,0.01,25,256,1,<function sigmoid at 0x7ff694a42840>,<function binary_crossentropy at 0x7ff694a6f1e0>,0.01,<class 'keras.optimizers.Adam'>,funnel,0.5804597701149425,1.0,0.7345454545454545,
98,10,0.7985644037696137,0.5804597735404968,0.5562485196651556,0.5739644765853882,<function relu at 0x7ff694a42730>,256,0.01,10,128,1,<function sigmoid at 0x7ff694a42840>,<function binary_crossentropy at 0x7ff694a6f1e0>,2.0,<class 'keras.optimizers.Adam'>,funnel,0.5804597701149425,1.0,0.7345454545454545,
32,10,0.7399971997600863,0.5804597735404968,0.6697451891983754,0.5739644765853882,<function relu at 0x7ff694a42730>,64,0.1,10,256,1,<function sigmoid at 0x7ff694a42840>,<function binary_crossentropy at 0x7ff694a6f1e0>,2.0,<class 'keras.optimizers.Adam'>,funnel,0.5804597701149425,1.0,0.7345454545454545,
72,10,0.6901790779212426,0.5804597735404968,0.6900898734258242,0.5739644765853882,<function relu at 0x7ff694a42730>,128,0.1,10,128,1,<function sigmoid at 0x7ff694a42840>,<function binary_crossentropy at 0x7ff694a6f1e0>,0.01,<class 'keras.optimizers.Adam'>,funnel,0.5804597701149425,1.0,0.7345454545454545,
108,25,0.693137009938558,0.5804597735404968,0.6926247023736701,0.5739644765853882,<function relu at 0x7ff694a42730>,256,0.01,25,128,1,<function sigmoid at 0x7ff694a42840>,<function binary_crossentropy at 0x7ff694a6f1e0>,0.01,<class 'keras.optimizers.Adam'>,funnel,0.5804597701149425,1.0,0.7345454545454545,
35,10,0.6806827194389256,0.5804597735404968,0.6820913420391271,0.574457585811615,<function relu at 0x7ff694a42730>,64,0.1,10,256,2,<function sigmoid at 0x7ff694a42840>,<function binary_crossentropy at 0x7ff694a6f1e0>,2.0,<class 'keras.optimizers.Adam'>,funnel,0.5804597701149425,1.0,0.7345454545454545,
36,25,0.6995047393886522,0.5804597735404968,0.6833194589473792,0.5739644765853882,<function relu at 0x7ff694a42730>,64,0.1,25,128,1,<function sigmoid at 0x7ff694a42840>,<function binary_crossentropy at 0x7ff694a6f1e0>,0.01,<class 'keras.optimizers.Adam'>,funnel,0.5804597701149425,1.0,0.7345454545454545,
96,10,0.6916119953681683,0.5804597735404968,0.6895231632791328,0.5739644765853882,<function relu at 0x7ff694a42730>,256,0.01,10,128,1,<function sigmoid at 0x7ff694a42840>,<function binary_crossentropy at 0x7ff694a6f1e0>,0.01,<class 'keras.optimizers.Adam'>,funnel,0.5804597701149425,1.0,0.7345454545454545,
93,25,0.6786141958729974,0.5804597735404968,0.6770985259342005,0.5739644765853882,<function relu at 0x7ff694a42730>,128,0.1,25,256,2,<function sigmoid at 0x7ff694a42840>,<function binary_crossentropy at 0x7ff694a6f1e0>,0.01,<class 'keras.optimizers.Adam'>,funnel,0.5804597701149425,1.0,0.7345454545454545,
39,25,0.7049511960183067,0.5804597735404968,0.6843114157870441,0.5739644765853882,<function relu at 0x7ff694a42730>,64,0.1,25,128,2,<function sigmoid at 0x7ff694a42840>,<function binary_crossentropy at 0x7ff694a6f1e0>,0.01,<class 'keras.optimizers.Adam'>,funnel,0.5804597701149425,1.0,0.7345454545454545,
89,25,0.6803051237402291,0.5804597735404968,0.682189809500113,0.5739644765853882,<function relu at 0x7ff694a42730>,128,0.1,25,128,2,<function sigmoid at 0x7ff694a42840>,<function binary_crossentropy at 0x7ff694a6f1e0>,2.0,<class 'keras.optimizers.Adam'>,funnel,0.5804597701149425,1.0,0.7345454545454545,
83,10,0.7160008841547473,0.5804597735404968,0.6373523169250414,0.5739644765853882,<function relu at 0x7ff694a42730>,128,0.1,10,256,2,<function sigmoid at 0x7ff694a42840>,<function binary_crossentropy at 0x7ff694a6f1e0>,2.0,<class 'keras.optimizers.Adam'>,funnel,0.5804597701149425,1.0,0.7345454545454545,
47,25,0.7335769386127078,0.5804597735404968,0.6453199706369133,0.5739644765853882,<function relu at 0x7ff694a42730>,64,0.1,25,256,2,<function sigmoid at 0x7ff694a42840>,<function binary_crossentropy at 0x7ff694a6f1e0>,2.0,<class 'keras.optimizers.Adam'>,funnel,0.5804597701149425,1.0,0.7345454545454545,
79,10,0.8073779214387653,0.5804597735404968,0.6058037587876856,0.5739644765853882,<function relu at 0x7ff694a42730>,128,0.1,10,256,1,<function sigmoid at 0x7ff694a42840>,<function binary_crossentropy at 0x7ff694a6f1e0>,1.0,<class 'keras.optimizers.Adam'>,funnel,0.5804597701149425,1.0,0.7345454545454545,
23,25,0.680248465483216,0.5804597735404968,0.6821845560619346,0.5739644765853882,<function relu at 0x7ff694a42730>,64,0.01,25,256,2,<function sigmoid at 0x7ff694a42840>,<function binary_crossentropy at 0x7ff694a6f1e0>,2.0,<class 'keras.optimizers.Adam'>,funnel,0.5804597701149425,1.0,0.7345454545454545,
1,10,0.7822397847285216,0.5804597735404968,0.629136915978125,0.5739644765853882,<function relu at 0x7ff694a42730>,64,0.01,10,128,1,<function sigmoid at 0x7ff694a42840>,<function binary_crossentropy at 0x7ff694a6f1e0>,1.0,<class 'keras.optimizers.Adam'>,funnel,0.5804597701149425,1.0,0.7345454545454545,
2,10,0.7463718084083206,0.5804597735404968,0.6579247097056763,0.5739644765853882,<function relu at 0x7ff694a42730>,64,0.01,10,128,1,<function sigmoid at 0x7ff694a42840>,<function binary_crossentropy at 0x7ff694a6f1e0>,2.0,<class 'keras.optimizers.Adam'>,funnel,0.5804597701149425,1.0,0.7345454545454545,
138,25,0.7174518574243305,0.5804597735404968,0.6991007282183721,0.5739644765853882,<function relu at 0x7ff694a42730>,256,0.1,25,256,1,<function sigmoid at 0x7ff694a42840>,<function binary_crossentropy at 0x7ff694a6f1e0>,0.01,<class 'keras.optimizers.Adam'>,funnel,0.5804597701149425,1.0,0.7345454545454545,
137,25,0.6879302570189553,0.5804597735404968,0.6706035926026941,0.5927021503448486,<function relu at 0x7ff694a42730>,256,0.1,25,128,2,<function sigmoid at 0x7ff694a42840>,<function binary_crossentropy at 0x7ff694a6f1e0>,2.0,<class 'keras.optimizers.Adam'>,funnel,0.58274231678487,0.9762376237623762,0.7298297557364914,
58,10,0.6859541195562516,0.5804597735404968,0.6868902856311384,0.5739644765853882,<function relu at 0x7ff694a42730>,128,0.01,10,256,2,<function sigmoid at 0x7ff694a42840>,<function binary_crossentropy at 0x7ff694a6f1e0>,1.0,<class 'keras.optimizers.Adam'>,funnel,0.5804597701149425,1.0,0.7345454545454545,
60,25,0.6893092452794656,0.5804597735404968,0.6771371806631897,0.5739644765853882,<function relu at 0x7ff694a42730>,128,0.01,25,128,1,<function sigmoid at 0x7ff694a42840>,<function binary_crossentropy at 0x7ff694a6f1e0>,0.01,<class 'keras.optimizers.Adam'>,funnel,0.5804597701149425,1.0,0.7345454545454545,
131,10,0.6875838444150727,0.5804597735404968,0.6826887284745361,0.581360936164856,<function relu at 0x7ff694a42730>,256,0.1,10,256,2,<function sigmoid at 0x7ff694a42840>,<function binary_crossentropy at 0x7ff694a6f1e0>,2.0,<class 'keras.optimizers.Adam'>,funnel,0.5813953488372093,0.9900990099009901,0.7326007326007326,
9,10,0.6842317985392165,0.5804597735404968,0.6693404072370285,0.5833333134651184,<function relu at 0x7ff694a42730>,64,0.01,10,256,2,<function sigmoid at 0x7ff694a42840>,<function binary_crossentropy at 0x7ff694a6f1e0>,0.01,<class 'keras.optimizers.Adam'>,funnel,0.5897435897435898,0.9108910891089109,0.7159533073929961,
128,10,0.7857024355866443,0.5804597735404968,0.6275379268610501,0.5739644765853882,<function relu at 0x7ff694a42730>,256,0.1,10,256,1,<function sigmoid at 0x7ff694a42840>,<function binary_crossentropy at 0x7ff694a6f1e0>,2.0,<class 'keras.optimizers.Adam'>,funnel,0.5804597701149425,1.0,0.7345454545454545,
12,25,0.6787384344243456,0.5804597735404968,0.6725365377271905,0.5739644765853882,<function relu at 0x7ff694a42730>,64,0.01,25,128,1,<function sigmoid at 0x7ff694a42840>,<function binary_crossentropy at 0x7ff694a6f1e0>,0.01,<class 'keras.optimizers.Adam'>,funnel,0.5804597701149425,1.0,0.7345454545454545,
127,10,0.7762363032362927,0.5804597735404968,0.593828122526466,0.5739644765853882,<function relu at 0x7ff694a42730>,256,0.1,10,256,1,<function sigmoid at 0x7ff694a42840>,<function binary_crossentropy at 0x7ff694a6f1e0>,1.0,<class 'keras.optimizers.Adam'>,funnel,0.5804597701149425,1.0,0.7345454545454545,
126,10,0.6881644771016877,0.5804597735404968,0.6860146902251761,0.5739644765853882,<function relu at 0x7ff694a42730>,256,0.1,10,256,1,<function sigmoid at 0x7ff694a42840>,<function binary_crossentropy at 0x7ff694a6f1e0>,0.01,<class 'keras.optimizers.Adam'>,funnel,0.5804597701149425,1.0,0.7345454545454545,
15,25,0.690086014243378,0.5804597735404968,0.6629834511341193,0.5739644765853882,<function relu at 0x7ff694a42730>,64,0.01,25,128,2,<function sigmoid at 0x7ff694a42840>,<function binary_crossentropy at 0x7ff694a6f1e0>,0.01,<class 'keras.optimizers.Adam'>,funnel,0.5804597701149425,1.0,0.7345454545454545,
121,10,0.7714205521276627,0.5804597735404968,0.5971908632820174,0.5739644765853882,<function relu at 0x7ff694a42730>,256,0.1,10,128,1,<function sigmoid at 0x7ff694a42840>,<function binary_crossentropy at 0x7ff694a6f1e0>,1.0,<class 'keras.optimizers.Adam'>,funnel,0.5804597701149425,1.0,0.7345454545454545,
48,10,0.6993428787965884,0.5804597735404968,0.7025422324560568,0.5739644765853882,<function relu at 0x7ff694a42730>,128,0.01,10,128,1,<function sigmoid at 0x7ff694a42840>,<function binary_crossentropy at 0x7ff694a6f1e0>,0.01,<class 'keras.optimizers.Adam'>,funnel,0.5804597701149425,1.0,0.7345454545454545,
117,25,0.6916378940659008,0.5804597735404968,0.6611885380227656,0.5739644765853882,<function relu at 0x7ff694a42730>,256,0.01,25,256,2,<function sigmoid at 0x7ff694a42840>,<function binary_crossentropy at 0x7ff694a6f1e0>,0.01,<class 'keras.optimizers.Adam'>,funnel,0.5804597701149425,1.0,0.7345454545454545,
49,10,0.7520563026954388,0.5793103575706482,0.5047317365922871,0.7504931092262268,<function relu at 0x7ff694a42730>,128,0.01,10,128,1,<function sigmoid at 0x7ff694a42840>,<function binary_crossentropy at 0x7ff694a6f1e0>,1.0,<class 'keras.optimizers.Adam'>,funnel,0.6200345423143351,0.7108910891089109,0.6623616236162363,
119,25,2.4376494396692037,0.5793103575706482,0.03466338475457075,0.9871794581413269,<function relu at 0x7ff694a42730>,256,0.01,25,256,2,<function sigmoid at 0x7ff694a42840>,<function binary_crossentropy at 0x7ff694a6f1e0>,2.0,<class 'keras.optimizers.Adam'>,funnel,0.6270566727605119,0.6792079207920793,0.6520912547528517,
109,25,0.8358988557738819,0.5793103575706482,0.3961544120923067,0.8629191517829895,<function relu at 0x7ff694a42730>,256,0.01,25,128,1,<function sigmoid at 0x7ff694a42840>,<function binary_crossentropy at 0x7ff694a6f1e0>,1.0,<class 'keras.optimizers.Adam'>,funnel,0.6077519379844961,0.7762376237623763,0.6817391304347827,
56,10,0.7522282157821217,0.5781609416007996,0.6332904054568365,0.6444773077964783,<function relu at 0x7ff694a42730>,128,0.01,10,256,1,<function sigmoid at 0x7ff694a42840>,<function binary_crossentropy at 0x7ff694a6f1e0>,2.0,<class 'keras.optimizers.Adam'>,funnel,0.5907894736842105,0.8891089108910891,0.7098814229249012,
74,10,0.6866418102691914,0.5781609416007996,0.6840628384368189,0.5838264226913452,<function relu at 0x7ff694a42730>,128,0.1,10,128,1,<function sigmoid at 0x7ff694a42840>,<function binary_crossentropy at 0x7ff694a6f1e0>,2.0,<class 'keras.optimizers.Adam'>,funnel,0.5798611111111112,0.9920792079207921,0.7319211102994887,
30,10,0.6984308094813906,0.5781609416007996,0.6989182537124001,0.5867850184440613,<function relu at 0x7ff694a42730>,64,0.1,10,256,1,<function sigmoid at 0x7ff694a42840>,<function binary_crossentropy at 0x7ff694a6f1e0>,0.01,<class 'keras.optimizers.Adam'>,funnel,0.5864661654135338,0.9267326732673268,0.7183422870299309,
104,10,0.7507181878747611,0.5781609416007996,0.6258136498387279,0.6637080907821655,<function relu at 0x7ff694a42730>,256,0.01,10,256,1,<function sigmoid at 0x7ff694a42840>,<function binary_crossentropy at 0x7ff694a6f1e0>,2.0,<class 'keras.optimizers.Adam'>,funnel,0.5915119363395226,0.8831683168316832,0.7084988085782368,
7,10,0.7127871327016545,0.5781609416007996,0.633317392723565,0.6469427943229675,<function relu at 0x7ff694a42730>,64,0.01,10,256,1,<function sigmoid at 0x7ff694a42840>,<function binary_crossentropy at 0x7ff694a6f1e0>,1.0,<class 'keras.optimizers.Adam'>,funnel,0.58984375,0.897029702970297,0.7117046347211312,
20,25,0.8362360507592388,0.5770114660263062,0.5733292668293684,0.6952662467956543,<function relu at 0x7ff694a42730>,64,0.01,25,256,1,<function sigmoid at 0x7ff694a42840>,<function binary_crossentropy at 0x7ff694a6f1e0>,2.0,<class 'keras.optimizers.Adam'>,funnel,0.5909694555112882,0.8811881188118812,0.7074721780604134,
132,25,0.6967686089976081,0.5770114660263062,0.6933105191770625,0.5803747773170471,<function relu at 0x7ff694a42730>,256,0.1,25,128,1,<function sigmoid at 0x7ff694a42840>,<function binary_crossentropy at 0x7ff694a6f1e0>,0.01,<class 'keras.optimizers.Adam'>,funnel,0.5944827586206897,0.8534653465346534,0.7008130081300813,
26,10,0.7309656133596925,0.5770114660263062,0.6132734976341503,0.6607494950294495,<function relu at 0x7ff694a42730>,64,0.1,10,128,1,<function sigmoid at 0x7ff694a42840>,<function binary_crossentropy at 0x7ff694a6f1e0>,2.0,<class 'keras.optimizers.Adam'>,funnel,0.5926928281461434,0.8673267326732673,0.7041800643086816,
18,25,0.6883362076748376,0.5758620500564575,0.6586251988918823,0.5986193418502808,<function relu at 0x7ff694a42730>,64,0.01,25,256,1,<function sigmoid at 0x7ff694a42840>,<function binary_crossentropy at 0x7ff694a6f1e0>,0.01,<class 'keras.optimizers.Adam'>,funnel,0.5880829015544041,0.899009900990099,0.7110415035238842,
143,25,0.8870808473948775,0.5747126340866089,0.5599448759645165,0.7223865985870361,<function relu at 0x7ff694a42730>,256,0.1,25,256,2,<function sigmoid at 0x7ff694a42840>,<function binary_crossentropy at 0x7ff694a6f1e0>,2.0,<class 'keras.optimizers.Adam'>,funnel,0.5974025974025974,0.8198019801980198,0.6911519198664441,
8,10,0.7066224322921928,0.5735632181167603,0.6622833569609436,0.6040433645248413,<function relu at 0x7ff694a42730>,64,0.01,10,256,1,<function sigmoid at 0x7ff694a42840>,<function binary_crossentropy at 0x7ff694a6f1e0>,2.0,<class 'keras.optimizers.Adam'>,funnel,0.5791962174940898,0.9702970297029703,0.7253886010362693,
55,10,0.7554612703707027,0.5735632181167603,0.5294962949771618,0.7406311631202698,<function relu at 0x7ff694a42730>,128,0.01,10,256,1,<function sigmoid at 0x7ff694a42840>,<function binary_crossentropy at 0x7ff694a6f1e0>,1.0,<class 'keras.optimizers.Adam'>,funnel,0.6037151702786377,0.7722772277227723,0.6776715899218071,
85,25,0.8440534809540058,0.5735632181167603,0.4319136076307391,0.8224852085113525,<function relu at 0x7ff694a42730>,128,0.1,25,128,1,<function sigmoid at 0x7ff694a42840>,<function binary_crossentropy at 0x7ff694a6f1e0>,1.0,<class 'keras.optimizers.Adam'>,funnel,0.6171328671328671,0.699009900990099,0.6555246053853295,
73,10,0.7122676911025212,0.5724138021469116,0.6703672057543045,0.6070019602775574,<function relu at 0x7ff694a42730>,128,0.1,10,128,1,<function sigmoid at 0x7ff694a42840>,<function binary_crossentropy at 0x7ff694a6f1e0>,1.0,<class 'keras.optimizers.Adam'>,funnel,0.5811965811965812,0.9425742574257425,0.7190332326283987,
50,10,0.7544493724559915,0.5724138021469116,0.5910136457495906,0.6982248425483704,<function relu at 0x7ff694a42730>,128,0.01,10,128,1,<function sigmoid at 0x7ff694a42840>,<function binary_crossentropy at 0x7ff694a6f1e0>,2.0,<class 'keras.optimizers.Adam'>,funnel,0.593006993006993,0.8396039603960396,0.6950819672131148,
110,25,0.8284539646115796,0.571264386177063,0.5526213644759425,0.7278106212615967,<function relu at 0x7ff694a42730>,256,0.01,25,128,1,<function sigmoid at 0x7ff694a42840>,<function binary_crossentropy at 0x7ff694a6f1e0>,2.0,<class 'keras.optimizers.Adam'>,funnel,0.5926966292134831,0.8356435643564356,0.6935086277732128,
103,10,0.7454378863860821,0.5701149702072144,0.6571194440185201,0.6227810382843018,<function relu at 0x7ff694a42730>,256,0.01,10,256,1,<function sigmoid at 0x7ff694a42840>,<function binary_crossentropy at 0x7ff694a6f1e0>,1.0,<class 'keras.optimizers.Adam'>,funnel,0.5832274459974587,0.9089108910891089,0.7105263157894736,
133,25,0.7702276176419751,0.5701149702072144,0.600648367310887,0.692307710647583,<function relu at 0x7ff694a42730>,256,0.1,25,128,1,<function sigmoid at 0x7ff694a42840>,<function binary_crossentropy at 0x7ff694a6f1e0>,1.0,<class 'keras.optimizers.Adam'>,funnel,0.5923836389280677,0.8316831683168316,0.6919275123558485,
125,10,0.7574998354089671,0.5701149702072144,0.5700649041866175,0.6863905191421509,<function relu at 0x7ff694a42730>,256,0.1,10,128,2,<function sigmoid at 0x7ff694a42840>,<function binary_crossentropy at 0x7ff694a6f1e0>,2.0,<class 'keras.optimizers.Adam'>,funnel,0.6051364365971108,0.7465346534653465,0.6684397163120568,
61,25,0.8824763225412917,0.568965494632721,0.4921408931649413,0.7998027801513672,<function relu at 0x7ff694a42730>,128,0.01,25,128,1,<function sigmoid at 0x7ff694a42840>,<function binary_crossentropy at 0x7ff694a6f1e0>,1.0,<class 'keras.optimizers.Adam'>,funnel,0.6101694915254238,0.7128712871287128,0.6575342465753425,
142,25,1.0200175109950975,0.568965494632721,0.3788045049889318,0.8722879886627197,<function relu at 0x7ff694a42730>,256,0.1,25,256,2,<function sigmoid at 0x7ff694a42840>,<function binary_crossentropy at 0x7ff694a6f1e0>,1.0,<class 'keras.optimizers.Adam'>,funnel,0.6086956521739131,0.7207920792079208,0.6600181323662738,
92,25,0.7456001273516951,0.5678160786628723,0.6399792249386127,0.6217948794364929,<function relu at 0x7ff694a42730>,128,0.1,25,256,1,<function sigmoid at 0x7ff694a42840>,<function binary_crossentropy at 0x7ff694a6f1e0>,2.0,<class 'keras.optimizers.Adam'>,funnel,0.5783718104495748,0.9425742574257425,0.716867469879518,
71,25,0.9216724609506541,0.5678160786628723,0.5715280104671004,0.6952662467956543,<function relu at 0x7ff694a42730>,128,0.01,25,256,2,<function sigmoid at 0x7ff694a42840>,<function binary_crossentropy at 0x7ff694a6f1e0>,2.0,<class 'keras.optimizers.Adam'>,funnel,0.5838751625487646,0.8891089108910891,0.7048665620094191,
105,10,0.6931849830452053,0.5666666626930237,0.6921489961753936,0.5764299631118774,<function relu at 0x7ff694a42730>,256,0.01,10,256,2,<function sigmoid at 0x7ff694a42840>,<function binary_crossentropy at 0x7ff694a6f1e0>,0.01,<class 'keras.optimizers.Adam'>,funnel,0.5784313725490197,0.9346534653465347,0.7146101438304315,
97,10,0.7320114059009771,0.5666666626930237,0.6151022888734731,0.6947731971740723,<function relu at 0x7ff694a42730>,256,0.01,10,128,1,<function sigmoid at 0x7ff694a42840>,<function binary_crossentropy at 0x7ff694a6f1e0>,1.0,<class 'keras.optimizers.Adam'>,funnel,0.5990712074303406,0.7663366336633664,0.6724587315377932,
19,25,1.0072413765150925,0.565517246723175,0.4893631454285315,0.7790927290916443,<function relu at 0x7ff694a42730>,64,0.01,25,256,1,<function sigmoid at 0x7ff694a42840>,<function binary_crossentropy at 0x7ff694a6f1e0>,1.0,<class 'keras.optimizers.Adam'>,funnel,0.5996860282574569,0.7564356435643564,0.6690017513134852,
45,25,0.6979627366723685,0.565517246723175,0.6860917295224568,0.5448718070983887,<function relu at 0x7ff694a42730>,64,0.1,25,256,2,<function sigmoid at 0x7ff694a42840>,<function binary_crossentropy at 0x7ff694a6f1e0>,0.01,<class 'keras.optimizers.Adam'>,funnel,0.5830065359477125,0.8831683168316832,0.7023622047244096,
139,25,0.813636781155378,0.565517246723175,0.4472502437686544,0.7993096709251404,<function relu at 0x7ff694a42730>,256,0.1,25,256,1,<function sigmoid at 0x7ff694a42840>,<function binary_crossentropy at 0x7ff694a6f1e0>,1.0,<class 'keras.optimizers.Adam'>,funnel,0.6108202443280978,0.693069306930693,0.6493506493506493,
31,10,0.7187675410303577,0.5643678307533264,0.6633817506494842,0.6070019602775574,<function relu at 0x7ff694a42730>,64,0.1,10,256,1,<function sigmoid at 0x7ff694a42840>,<function binary_crossentropy at 0x7ff694a6f1e0>,1.0,<class 'keras.optimizers.Adam'>,funnel,0.5757211538461539,0.9485148514851485,0.7165295437546747,
116,25,0.8483216589894788,0.5643678307533264,0.572701658722917,0.7031558156013489,<function relu at 0x7ff694a42730>,256,0.01,25,256,1,<function sigmoid at 0x7ff694a42840>,<function binary_crossentropy at 0x7ff694a6f1e0>,2.0,<class 'keras.optimizers.Adam'>,funnel,0.5849056603773585,0.8594059405940594,0.6960705693664795,
38,25,0.8049195791112965,0.5643678307533264,0.6030213344967107,0.6681459546089172,<function relu at 0x7ff694a42730>,64,0.1,25,128,1,<function sigmoid at 0x7ff694a42840>,<function binary_crossentropy at 0x7ff694a6f1e0>,2.0,<class 'keras.optimizers.Adam'>,funnel,0.5811855670103093,0.8930693069306931,0.7041373926619828,
87,25,0.6948974716252294,0.5643678307533264,0.7033285469228229,0.5478304028511047,<function relu at 0x7ff694a42730>,128,0.1,25,128,2,<function sigmoid at 0x7ff694a42840>,<function binary_crossentropy at 0x7ff694a6f1e0>,0.01,<class 'keras.optimizers.Adam'>,funnel,0.5813953488372093,0.8910891089108911,0.7036747458952306,
122,10,0.7197812026944653,0.5643678307533264,0.6332917540266199,0.6730769276618958,<function relu at 0x7ff694a42730>,256,0.1,10,128,1,<function sigmoid at 0x7ff694a42840>,<function binary_crossentropy at 0x7ff694a6f1e0>,2.0,<class 'keras.optimizers.Adam'>,funnel,0.5918367346938775,0.803960396039604,0.6817800167926112,
136,25,0.9709473048133411,0.5620689392089844,0.3217306386319373,0.8288954496383667,<function relu at 0x7ff694a42730>,256,0.1,25,128,2,<function sigmoid at 0x7ff694a42840>,<function binary_crossentropy at 0x7ff694a6f1e0>,1.0,<class 'keras.optimizers.Adam'>,funnel,0.6139705882352942,0.6613861386138614,0.6367969494756912,
57,10,0.7006331891849124,0.5620689392089844,0.6962809067741184,0.5705128312110901,<function relu at 0x7ff694a42730>,128,0.01,10,256,2,<function sigmoid at 0x7ff694a42840>,<function binary_crossentropy at 0x7ff694a6f1e0>,0.01,<class 'keras.optimizers.Adam'>,funnel,0.5880681818181818,0.8198019801980198,0.6848635235732009,
68,25,0.7917659092223507,0.5609195232391357,0.6168031134078724,0.6484220623970032,<function relu at 0x7ff694a42730>,128,0.01,25,256,1,<function sigmoid at 0x7ff694a42840>,<function binary_crossentropy at 0x7ff694a6f1e0>,2.0,<class 'keras.optimizers.Adam'>,funnel,0.5779467680608364,0.902970297029703,0.7047913446676971,
134,25,0.9064577431514346,0.5597701072692871,0.4068120400581134,0.8284023404121399,<function relu at 0x7ff694a42730>,256,0.1,25,128,1,<function sigmoid at 0x7ff694a42840>,<function binary_crossentropy at 0x7ff694a6f1e0>,2.0,<class 'keras.optimizers.Adam'>,funnel,0.6138059701492538,0.6514851485148515,0.6320845341018253,
118,25,1.3144995845597365,0.5586206912994385,0.2756185010222523,0.9723865985870361,<function relu at 0x7ff694a42730>,256,0.01,25,256,2,<function sigmoid at 0x7ff694a42840>,<function binary_crossentropy at 0x7ff694a6f1e0>,1.0,<class 'keras.optimizers.Adam'>,funnel,0.5996705107084019,0.7207920792079208,0.6546762589928057,
140,25,0.9521717046869212,0.5586206912994385,0.389957052657355,0.8362919092178345,<function relu at 0x7ff694a42730>,256,0.1,25,256,1,<function sigmoid at 0x7ff694a42840>,<function binary_crossentropy at 0x7ff694a6f1e0>,2.0,<class 'keras.optimizers.Adam'>,funnel,0.6174757281553398,0.6297029702970297,0.6235294117647058,
113,25,1.2018900852093752,0.5586206912994385,0.36330521206648864,0.8614398241043091,<function relu at 0x7ff694a42730>,256,0.01,25,128,2,<function sigmoid at 0x7ff694a42840>,<function binary_crossentropy at 0x7ff694a6f1e0>,2.0,<class 'keras.optimizers.Adam'>,funnel,0.6148007590132827,0.6415841584158416,0.6279069767441859,
62,25,1.0634331590827855,0.5586206912994385,0.49189303201096063,0.7697238922119141,<function relu at 0x7ff694a42730>,128,0.01,25,128,1,<function sigmoid at 0x7ff694a42840>,<function binary_crossentropy at 0x7ff694a6f1e0>,2.0,<class 'keras.optimizers.Adam'>,funnel,0.5923664122137404,0.7683168316831683,0.6689655172413793,
52,10,0.8109852346880683,0.5574712753295898,0.4493056729112621,0.8101577758789062,<function relu at 0x7ff694a42730>,128,0.01,10,128,2,<function sigmoid at 0x7ff694a42840>,<function binary_crossentropy at 0x7ff694a6f1e0>,1.0,<class 'keras.optimizers.Adam'>,funnel,0.5993377483443708,0.7168316831683168,0.6528403967538321,
120,10,0.6973359094268974,0.5574712753295898,0.6978850086059796,0.5512820482254028,<function relu at 0x7ff694a42730>,256,0.1,10,128,1,<function sigmoid at 0x7ff694a42840>,<function binary_crossentropy at 0x7ff694a6f1e0>,0.01,<class 'keras.optimizers.Adam'>,funnel,0.5847457627118644,0.8198019801980198,0.6826051112943116,
40,25,1.1988284524829909,0.5574712753295898,0.24138266039200318,0.8782051205635071,<function relu at 0x7ff694a42730>,64,0.1,25,128,2,<function sigmoid at 0x7ff694a42840>,<function binary_crossentropy at 0x7ff694a6f1e0>,1.0,<class 'keras.optimizers.Adam'>,funnel,0.6086956521739131,0.6653465346534654,0.6357615894039735,
21,25,0.7010305470433729,0.5563218593597412,0.6620735764738606,0.6094674468040466,<function relu at 0x7ff694a42730>,64,0.01,25,256,2,<function sigmoid at 0x7ff694a42840>,<function binary_crossentropy at 0x7ff694a6f1e0>,0.01,<class 'keras.optimizers.Adam'>,funnel,0.5792276964047937,0.8613861386138614,0.6926751592356688,
69,25,0.7020801357839299,0.5563218593597412,0.6522629259841212,0.6114398241043091,<function relu at 0x7ff694a42730>,128,0.01,25,256,2,<function sigmoid at 0x7ff694a42840>,<function binary_crossentropy at 0x7ff694a6f1e0>,0.01,<class 'keras.optimizers.Adam'>,funnel,0.5863570391872278,0.8,0.676716917922948,
90,25,0.6978398439527929,0.5563218593597412,0.6963280157224666,0.5641025900840759,<function relu at 0x7ff694a42730>,128,0.1,25,256,1,<function sigmoid at 0x7ff694a42840>,<function binary_crossentropy at 0x7ff694a6f1e0>,0.01,<class 'keras.optimizers.Adam'>,funnel,0.5841584158415841,0.8178217821782178,0.6815181518151815,
124,10,0.7490262365889275,0.5551724433898926,0.5554518184718296,0.6513806581497192,<function relu at 0x7ff694a42730>,256,0.1,10,128,2,<function sigmoid at 0x7ff694a42840>,<function binary_crossentropy at 0x7ff694a6f1e0>,1.0,<class 'keras.optimizers.Adam'>,funnel,0.5964052287581699,0.7227722772277227,0.6535362578334826,
70,25,0.7792363166809082,0.5551724433898926,0.626197272268743,0.6429980397224426,<function relu at 0x7ff694a42730>,128,0.01,25,256,2,<function sigmoid at 0x7ff694a42840>,<function binary_crossentropy at 0x7ff694a6f1e0>,1.0,<class 'keras.optimizers.Adam'>,funnel,0.5750636132315522,0.8950495049504951,0.7002323780015491,
27,10,0.6909773986915062,0.5528735518455505,0.7148488367332745,0.5493096709251404,<function relu at 0x7ff694a42730>,64,0.1,10,128,2,<function sigmoid at 0x7ff694a42840>,<function binary_crossentropy at 0x7ff694a6f1e0>,0.01,<class 'keras.optimizers.Adam'>,funnel,0.5779569892473119,0.8514851485148515,0.688550840672538,
76,10,0.7468856340167166,0.5517241358757019,0.53831246395318,0.6972386837005615,<function relu at 0x7ff694a42730>,128,0.1,10,128,2,<function sigmoid at 0x7ff694a42840>,<function binary_crossentropy at 0x7ff694a6f1e0>,1.0,<class 'keras.optimizers.Adam'>,funnel,0.6036036036036037,0.6633663366336634,0.6320754716981132,
59,10,0.9682147089092211,0.5505747199058533,0.46561725934346515,0.773668646812439,<function relu at 0x7ff694a42730>,128,0.01,10,256,2,<function sigmoid at 0x7ff694a42840>,<function binary_crossentropy at 0x7ff694a6f1e0>,2.0,<class 'keras.optimizers.Adam'>,funnel,0.6255506607929515,0.5623762376237624,0.5922836287799792,
64,25,1.8802681320015042,0.5505747199058533,0.15641292059680179,0.9314595460891724,<function relu at 0x7ff694a42730>,128,0.01,25,128,2,<function sigmoid at 0x7ff694a42840>,<function binary_crossentropy at 0x7ff694a6f1e0>,1.0,<class 'keras.optimizers.Adam'>,funnel,0.6153846153846154,0.601980198019802,0.6086086086086085,
4,10,0.8219794700885641,0.5494253039360046,0.4466587032909694,0.8308678269386292,<function relu at 0x7ff694a42730>,64,0.01,10,128,2,<function sigmoid at 0x7ff694a42840>,<function binary_crossentropy at 0x7ff694a6f1e0>,1.0,<class 'keras.optimizers.Adam'>,funnel,0.5975820379965457,0.6851485148514852,0.6383763837638378,
6,10,0.6954113131281974,0.548275887966156,0.69288556556965,0.5517751574516296,<function relu at 0x7ff694a42730>,64,0.01,10,256,1,<function sigmoid at 0x7ff694a42840>,<function binary_crossentropy at 0x7ff694a6f1e0>,0.01,<class 'keras.optimizers.Adam'>,funnel,0.5835820895522388,0.7742574257425743,0.6655319148936171,
10,10,0.8304149448186502,0.548275887966156,0.5352222886546358,0.7815581560134888,<function relu at 0x7ff694a42730>,64,0.01,10,256,2,<function sigmoid at 0x7ff694a42840>,<function binary_crossentropy at 0x7ff694a6f1e0>,1.0,<class 'keras.optimizers.Adam'>,funnel,0.5945945945945946,0.697029702970297,0.6417502278942571,
25,10,0.7602526420834421,0.548275887966156,0.5803716785808992,0.5660749673843384,<function relu at 0x7ff694a42730>,64,0.1,10,128,1,<function sigmoid at 0x7ff694a42840>,<function binary_crossentropy at 0x7ff694a6f1e0>,1.0,<class 'keras.optimizers.Adam'>,funnel,0.6450777202072538,0.49306930693069306,0.5589225589225589,
84,25,0.6930692116419475,0.5471264123916626,0.6927375914547336,0.5793885588645935,<function relu at 0x7ff694a42730>,128,0.1,25,128,1,<function sigmoid at 0x7ff694a42840>,<function binary_crossentropy at 0x7ff694a6f1e0>,0.01,<class 'keras.optimizers.Adam'>,funnel,0.5968586387434555,0.6772277227722773,0.6345083487940631,
99,10,0.7065996726353964,0.545976996421814,0.6989389400510393,0.5670611262321472,<function relu at 0x7ff694a42730>,256,0.01,10,128,2,<function sigmoid at 0x7ff694a42840>,<function binary_crossentropy at 0x7ff694a6f1e0>,0.01,<class 'keras.optimizers.Adam'>,funnel,0.5741239892183289,0.8435643564356435,0.6832397754611067,
28,10,0.8081230554087409,0.545976996421814,0.5288080232148105,0.7465482950210571,<function relu at 0x7ff694a42730>,64,0.1,10,128,2,<function sigmoid at 0x7ff694a42840>,<function binary_crossentropy at 0x7ff694a6f1e0>,1.0,<class 'keras.optimizers.Adam'>,funnel,0.6007326007326007,0.6495049504950495,0.6241674595623216,
123,10,0.7045036691358719,0.545976996421814,0.7140545984932186,0.5231755375862122,<function relu at 0x7ff694a42730>,256,0.1,10,128,2,<function sigmoid at 0x7ff694a42840>,<function binary_crossentropy at 0x7ff694a6f1e0>,0.01,<class 'keras.optimizers.Adam'>,funnel,0.5770308123249299,0.8158415841584158,0.6759639048400328,
82,10,0.770564208496576,0.545976996421814,0.5196050379638371,0.7396449446678162,<function relu at 0x7ff694a42730>,128,0.1,10,256,2,<function sigmoid at 0x7ff694a42840>,<function binary_crossentropy at 0x7ff694a6f1e0>,1.0,<class 'keras.optimizers.Adam'>,funnel,0.6095617529880478,0.6059405940594059,0.6077457795431976,
112,25,0.8553889215677634,0.5448275804519653,0.48485910481014666,0.8348126411437988,<function relu at 0x7ff694a42730>,256,0.01,25,128,2,<function sigmoid at 0x7ff694a42840>,<function binary_crossentropy at 0x7ff694a6f1e0>,1.0,<class 'keras.optimizers.Adam'>,funnel,0.6105476673427992,0.596039603960396,0.6032064128256512,
53,10,0.9503438157596807,0.5448275804519653,0.4242491888459147,0.8219920992851257,<function relu at 0x7ff694a42730>,128,0.01,10,128,2,<function sigmoid at 0x7ff694a42840>,<function binary_crossentropy at 0x7ff694a6f1e0>,2.0,<class 'keras.optimizers.Adam'>,funnel,0.6054158607350096,0.6198019801980198,0.6125244618395304,
107,10,0.8651508576568516,0.5448275804519653,0.4644656292432864,0.7781065106391907,<function relu at 0x7ff694a42730>,256,0.01,10,256,2,<function sigmoid at 0x7ff694a42840>,<function binary_crossentropy at 0x7ff694a6f1e0>,2.0,<class 'keras.optimizers.Adam'>,funnel,0.6172043010752688,0.5683168316831683,0.5917525773195875,
101,10,0.8245695619747556,0.5448275804519653,0.44845011371832627,0.8067061305046082,<function relu at 0x7ff694a42730>,256,0.01,10,128,2,<function sigmoid at 0x7ff694a42840>,<function binary_crossentropy at 0x7ff694a6f1e0>,2.0,<class 'keras.optimizers.Adam'>,funnel,0.5951134380453752,0.6752475247524753,0.6326530612244897,
77,10,0.848788259632286,0.5425287485122681,0.55267535664391,0.6839250326156616,<function relu at 0x7ff694a42730>,128,0.1,10,128,2,<function sigmoid at 0x7ff694a42840>,<function binary_crossentropy at 0x7ff694a6f1e0>,2.0,<class 'keras.optimizers.Adam'>,funnel,0.6140724946695096,0.5702970297029702,0.5913757700205339,
80,10,0.759941235904036,0.5413793325424194,0.5492566143267253,0.7125246524810791,<function relu at 0x7ff694a42730>,128,0.1,10,256,1,<function sigmoid at 0x7ff694a42840>,<function binary_crossentropy at 0x7ff694a6f1e0>,2.0,<class 'keras.optimizers.Adam'>,funnel,0.6023166023166023,0.6178217821782178,0.6099706744868035,
37,25,0.965597765747158,0.5413793325424194,0.49039816950435,0.733234703540802,<function relu at 0x7ff694a42730>,64,0.1,25,128,1,<function sigmoid at 0x7ff694a42840>,<function binary_crossentropy at 0x7ff694a6f1e0>,1.0,<class 'keras.optimizers.Adam'>,funnel,0.6292682926829268,0.5108910891089109,0.5639344262295082,
42,25,0.7043778049534765,0.540229856967926,0.6900457462380388,0.5927021503448486,<function relu at 0x7ff694a42730>,64,0.1,25,256,1,<function sigmoid at 0x7ff694a42840>,<function binary_crossentropy at 0x7ff694a6f1e0>,0.01,<class 'keras.optimizers.Adam'>,funnel,0.5742574257425742,0.803960396039604,0.6699669966996701,
51,10,0.6961405284103306,0.5379310250282288,0.693551533085825,0.5596646666526794,<function relu at 0x7ff694a42730>,128,0.01,10,128,2,<function sigmoid at 0x7ff694a42840>,<function binary_crossentropy at 0x7ff694a6f1e0>,0.01,<class 'keras.optimizers.Adam'>,funnel,0.5818759936406995,0.7247524752475247,0.6455026455026456,
106,10,0.7375704062396082,0.5379310250282288,0.595703145456032,0.7322485446929932,<function relu at 0x7ff694a42730>,256,0.01,10,256,2,<function sigmoid at 0x7ff694a42840>,<function binary_crossentropy at 0x7ff694a6f1e0>,1.0,<class 'keras.optimizers.Adam'>,funnel,0.5980952380952381,0.6217821782178218,0.6097087378640776,
44,25,1.2886495634057056,0.5379310250282288,0.37634223041214654,0.8284023404121399,<function relu at 0x7ff694a42730>,64,0.1,25,256,1,<function sigmoid at 0x7ff694a42840>,<function binary_crossentropy at 0x7ff694a6f1e0>,2.0,<class 'keras.optimizers.Adam'>,funnel,0.6167800453514739,0.5386138613861386,0.5750528541226215,
22,25,1.4647664873079322,0.5356321930885315,0.2249050157721461,0.9521695971488953,<function relu at 0x7ff694a42730>,64,0.01,25,256,2,<function sigmoid at 0x7ff694a42840>,<function binary_crossentropy at 0x7ff694a6f1e0>,1.0,<class 'keras.optimizers.Adam'>,funnel,0.5940409683426443,0.6316831683168317,0.6122840690978887,
63,25,0.6951637954547487,0.5356321930885315,0.6799294558267387,0.5596646666526794,<function relu at 0x7ff694a42730>,128,0.01,25,128,2,<function sigmoid at 0x7ff694a42840>,<function binary_crossentropy at 0x7ff694a6f1e0>,0.01,<class 'keras.optimizers.Adam'>,funnel,0.5866209262435678,0.6772277227722773,0.6286764705882354,
130,10,0.7865678796822997,0.5356321930885315,0.5342686880504827,0.709073007106781,<function relu at 0x7ff694a42730>,256,0.1,10,256,2,<function sigmoid at 0x7ff694a42840>,<function binary_crossentropy at 0x7ff694a6f1e0>,1.0,<class 'keras.optimizers.Adam'>,funnel,0.6036960985626283,0.5821782178217821,0.592741935483871,
135,25,0.7003153204917908,0.5344827771186829,0.7134787383869555,0.5458579659461975,<function relu at 0x7ff694a42730>,256,0.1,25,128,2,<function sigmoid at 0x7ff694a42840>,<function binary_crossentropy at 0x7ff694a6f1e0>,0.01,<class 'keras.optimizers.Adam'>,funnel,0.5922509225092251,0.6356435643564357,0.6131805157593123,
115,25,1.0594556671449509,0.5333333611488342,0.3943707205252299,0.8476331233978271,<function relu at 0x7ff694a42730>,256,0.01,25,256,1,<function sigmoid at 0x7ff694a42840>,<function binary_crossentropy at 0x7ff694a6f1e0>,1.0,<class 'keras.optimizers.Adam'>,funnel,0.5928705440900562,0.6257425742574257,0.6088631984585742,
88,25,1.0057226471517278,0.5321838855743408,0.39775998675846724,0.8540433645248413,<function relu at 0x7ff694a42730>,128,0.1,25,128,2,<function sigmoid at 0x7ff694a42840>,<function binary_crossentropy at 0x7ff694a6f1e0>,1.0,<class 'keras.optimizers.Adam'>,funnel,0.5897435897435898,0.6376237623762376,0.6127497621313035,
81,10,0.686488912023347,0.5310344696044922,0.6913901332332303,0.5147929191589355,<function relu at 0x7ff694a42730>,128,0.1,10,256,2,<function sigmoid at 0x7ff694a42840>,<function binary_crossentropy at 0x7ff694a6f1e0>,0.01,<class 'keras.optimizers.Adam'>,funnel,0.588021778584392,0.6415841584158416,0.6136363636363635,
0,10,0.7699325503974125,0.5310344696044922,0.7724458628152249,0.5113412141799927,<function relu at 0x7ff694a42730>,64,0.01,10,128,1,<function sigmoid at 0x7ff694a42840>,<function binary_crossentropy at 0x7ff694a6f1e0>,0.01,<class 'keras.optimizers.Adam'>,funnel,0.6085011185682326,0.5386138613861386,0.5714285714285715,
16,25,1.986213482933483,0.5298850536346436,0.0693070852956358,0.9684418439865112,<function relu at 0x7ff694a42730>,64,0.01,25,128,2,<function sigmoid at 0x7ff694a42840>,<function binary_crossentropy at 0x7ff694a6f1e0>,1.0,<class 'keras.optimizers.Adam'>,funnel,0.5967741935483871,0.5861386138613861,0.5914085914085914,
94,25,1.2788587688029498,0.5287356376647949,0.271203511506613,0.8722879886627197,<function relu at 0x7ff694a42730>,128,0.1,25,256,2,<function sigmoid at 0x7ff694a42840>,<function binary_crossentropy at 0x7ff694a6f1e0>,1.0,<class 'keras.optimizers.Adam'>,funnel,0.593320235756385,0.598019801980198,0.5956607495069033,
24,10,0.7105124078947922,0.5264368057250977,0.7204947291746647,0.5014792680740356,<function relu at 0x7ff694a42730>,64,0.1,10,128,1,<function sigmoid at 0x7ff694a42840>,<function binary_crossentropy at 0x7ff694a6f1e0>,0.01,<class 'keras.optimizers.Adam'>,funnel,0.6064073226544623,0.5247524752475248,0.5626326963906583,
67,25,1.021405219757694,0.5241379141807556,0.42912627536164233,0.790433943271637,<function relu at 0x7ff694a42730>,128,0.01,25,256,1,<function sigmoid at 0x7ff694a42840>,<function binary_crossentropy at 0x7ff694a6f1e0>,1.0,<class 'keras.optimizers.Adam'>,funnel,0.6080760095011877,0.5069306930693069,0.5529157667386609,
65,25,1.7938958135144465,0.5195402503013611,0.15797962747969807,0.9206114411354065,<function relu at 0x7ff694a42730>,128,0.01,25,128,2,<function sigmoid at 0x7ff694a42840>,<function binary_crossentropy at 0x7ff694a6f1e0>,2.0,<class 'keras.optimizers.Adam'>,funnel,0.5908141962421712,0.5603960396039604,0.5752032520325203,
14,25,1.2908995154260219,0.517241358757019,0.43801895495232274,0.7741617560386658,<function relu at 0x7ff694a42730>,64,0.01,25,128,1,<function sigmoid at 0x7ff694a42840>,<function binary_crossentropy at 0x7ff694a6f1e0>,2.0,<class 'keras.optimizers.Adam'>,funnel,0.6075949367088608,0.4752475247524752,0.5333333333333332,
13,25,1.0089662357308398,0.5160919427871704,0.48644392107130274,0.7361932992935181,<function relu at 0x7ff694a42730>,64,0.01,25,128,1,<function sigmoid at 0x7ff694a42840>,<function binary_crossentropy at 0x7ff694a6f1e0>,1.0,<class 'keras.optimizers.Adam'>,funnel,0.625748502994012,0.41386138613861384,0.49821215733015495,
78,10,0.769347484495448,0.5160919427871704,0.7616258703275075,0.5384615659713745,<function relu at 0x7ff694a42730>,128,0.1,10,256,1,<function sigmoid at 0x7ff694a42840>,<function binary_crossentropy at 0x7ff694a6f1e0>,0.01,<class 'keras.optimizers.Adam'>,funnel,0.5772058823529411,0.6217821782178218,0.5986653956148712,
5,10,0.9915450087909041,0.5137931108474731,0.44862967059457093,0.8042406439781189,<function relu at 0x7ff694a42730>,64,0.01,10,128,2,<function sigmoid at 0x7ff694a42840>,<function binary_crossentropy at 0x7ff694a6f1e0>,2.0,<class 'keras.optimizers.Adam'>,funnel,0.582995951417004,0.5702970297029702,0.5765765765765766,
114,25,0.6933086773444866,0.5126436948776245,0.6930410215370284,0.5399408340454102,<function relu at 0x7ff694a42730>,256,0.01,25,256,1,<function sigmoid at 0x7ff694a42840>,<function binary_crossentropy at 0x7ff694a6f1e0>,0.01,<class 'keras.optimizers.Adam'>,funnel,0.5902004454342984,0.5247524752475248,0.5555555555555555,
43,25,1.103528408346505,0.5045977234840393,0.42650522241695865,0.7924063205718994,<function relu at 0x7ff694a42730>,64,0.1,25,256,1,<function sigmoid at 0x7ff694a42840>,<function binary_crossentropy at 0x7ff694a6f1e0>,1.0,<class 'keras.optimizers.Adam'>,funnel,0.5864485981308412,0.497029702970297,0.5380493033226152,
3,10,0.7438102338505888,0.4965517222881317,0.7354932654303676,0.5088757276535034,<function relu at 0x7ff694a42730>,64,0.01,10,128,2,<function sigmoid at 0x7ff694a42840>,<function binary_crossentropy at 0x7ff694a6f1e0>,0.01,<class 'keras.optimizers.Adam'>,funnel,0.5717344753747323,0.5287128712871287,0.5493827160493827,
41,25,1.0014463720650508,0.49425286054611206,0.42707957606578956,0.7746548056602478,<function relu at 0x7ff694a42730>,64,0.1,25,128,2,<function sigmoid at 0x7ff694a42840>,<function binary_crossentropy at 0x7ff694a6f1e0>,2.0,<class 'keras.optimizers.Adam'>,funnel,0.583547557840617,0.4495049504950495,0.5078299776286352,
46,25,1.1285537105867232,0.4931034445762634,0.4314113157035331,0.8017751574516296,<function relu at 0x7ff694a42730>,64,0.1,25,256,2,<function sigmoid at 0x7ff694a42840>,<function binary_crossentropy at 0x7ff694a6f1e0>,1.0,<class 'keras.optimizers.Adam'>,funnel,0.5747663551401869,0.4871287128712871,0.5273311897106109,
75,10,0.6993294955670148,0.48620688915252686,0.6933122749864702,0.5083826184272766,<function relu at 0x7ff694a42730>,128,0.1,10,128,2,<function sigmoid at 0x7ff694a42840>,<function binary_crossentropy at 0x7ff694a6f1e0>,0.01,<class 'keras.optimizers.Adam'>,funnel,0.5728643216080402,0.4514851485148515,0.5049833887043189,
95,25,0.8501656134923299,0.48620688915252686,0.564540662826636,0.6331360936164856,<function relu at 0x7ff694a42730>,128,0.1,25,256,2,<function sigmoid at 0x7ff694a42840>,<function binary_crossentropy at 0x7ff694a6f1e0>,2.0,<class 'keras.optimizers.Adam'>,funnel,0.6355140186915887,0.2693069306930693,0.3783031988873436,
129,10,0.7043119929302698,0.477011501789093,0.6994036761731556,0.5113412141799927,<function relu at 0x7ff694a42730>,256,0.1,10,256,2,<function sigmoid at 0x7ff694a42840>,<function binary_crossentropy at 0x7ff694a6f1e0>,0.01,<class 'keras.optimizers.Adam'>,funnel,0.5477099236641222,0.5683168316831683,0.5578231292517007,
86,25,1.0080132119957057,0.47356322407722473,0.5569594926852917,0.6464496850967407,<function relu at 0x7ff694a42730>,128,0.1,25,128,1,<function sigmoid at 0x7ff694a42840>,<function binary_crossentropy at 0x7ff694a6f1e0>,2.0,<class 'keras.optimizers.Adam'>,funnel,0.5818815331010453,0.3306930693069307,0.4217171717171717,
111,25,0.7873562326376465,0.4563218355178833,0.7605108378906927,0.5054240822792053,<function relu at 0x7ff694a42730>,256,0.01,25,128,2,<function sigmoid at 0x7ff694a42840>,<function binary_crossentropy at 0x7ff694a6f1e0>,0.01,<class 'keras.optimizers.Adam'>,funnel,0.562992125984252,0.28316831683168314,0.37681159420289856,
